first_name,last_name,email,phone
Hollyanne,Kleinsinger,hkleinsinger0@feedburner.com,3007541306
Valma,Simioli,vsimioli1@clickbank.net,4225948897
Cori,Kinloch,ckinloch2@123-reg.co.uk,5929519583
Sonny,Nisbith,snisbith3@paginegialle.it,1861878561
Bryan,Harkins,bharkins4@craigslist.org,2024950797
Trudie,Blankenship,tblankenship5@google.co.uk,1658145696
Harli,Burris,hburris6@globo.com,1505220286
Kelly,Nuscha,knuscha7@histats.com,2761113936
Sherm,Thalmann,sthalmann8@networkadvertising.org,7269787184
Antoinette,Behn,abehn9@cbc.ca,3813200794
El,Jeanes,ejeanesa@sakura.ne.jp,3295072294
Glyn,Wogden,gwogdenb@businessinsider.com,8309895385
Lindy,Turfin,lturfinc@delicious.com,5498995091
Parnell,Trinkwon,ptrinkwond@cargocollective.com,8373497566
Deck,Wheatland,dwheatlande@nature.com,2034218764
Lydia,Kulicke,lkulickef@4shared.com,4308979050
Kerry,Strafford,kstraffordg@google.fr,4304113856
Bertie,Ilbert,bilberth@vkontakte.ru,4588206074
Mordy,Barbisch,mbarbischi@tiny.cc,1561501146
Mignonne,Edmand,medmandj@ucoz.ru,6549683266
Jolee,Haberfield,jhaberfieldk@ihg.com,5912596948
Elysha,Milby,emilbyl@elegantthemes.com,5972767820
Ryon,Martugin,rmartuginm@360.cn,4276107344
Fanechka,Gaffer,fgaffern@psu.edu,8336657265
Barnett,Minto,bmintoo@rediff.com,5804004827
Xenia,McGreal,xmcgrealp@blogger.com,5612016479
Hillier,O'Fogarty,hofogartyq@quantcast.com,2344835859
Graig,Westman,gwestmanr@slashdot.org,4956070645
Margaret,Bentham3,mbenthams@umich.edu,9219165205
Natale,Ramelot,nramelott@google.nl,4273330907
Carmon,Misson,cmissonu@naver.com,2636222468
Trenton,Stoggell,tstoggellv@springer.com,8047946523
Oralia,Hewins,ohewinsw@blinklist.com,3993081606
Marijo,Muino,mmuinox@princeton.edu,5107869499
Maurita,Logsdail,mlogsdaily@simplemachines.org,9305542565
Joycelin,Shetliff,jshetliffz@51.la,8508774861
Kathye,Arkill,karkill10@wordpress.org,6868450245
Coriss,Heister,cheister11@usa.gov,5686790977
Sascha,Woonton,swoonton12@springer.com,6668402239
Jose,Hakking,jhakking13@goodreads.com,3966324504
Chet,Croker,ccroker14@guardian.co.uk,3104686476
Claybourne,Kaspar,ckaspar15@bloglines.com,1744996018
Emmie,Meiklejohn,emeiklejohn16@ycombinator.com,3872089667
Belia,Bourgeois,bbourgeois17@twitpic.com,1012721303
Chlo,Bentinck,cbentinck18@nifty.com,4777086857
Benny,Doughty,bdoughty19@eepurl.com,2273831754
Linnell,Densumbe,ldensumbe1a@addthis.com,1795937593
Ulises,Pescott,upescott1b@meetup.com,4809103557
Blondie,Want,bwant1c@dedecms.com,8187911736
Jude,Cahey,jcahey1d@irs.gov,3595840473
